{"streaming": {"latency": [5.8919830322265625, 8.25353455543518, 8.301572561264038, 1.3305981159210205, 2.193009376525879, 2.4582624435424805, 3.3760182857513428, 1.604020118713379, 1.5118558406829834, 1.4926607608795166, 1.7028899192810059, 7.4732396602630615, 10.927703619003296, 11.118757247924805, 1.9247746467590332, 3.7338738441467285, 2.15688419342041, 6.224138259887695, 15.147173643112183, 15.424778938293457, 2.730499029159546, 2.8400657176971436, 3.4492475986480713, 1.7783257961273193, 8.556727409362793, 2.769444704055786, 15.870980739593506, 16.01270580291748, 1.1541838645935059, 0.7954487800598145, 7.93549919128418, 14.446157217025757, 14.449846744537354, 1.6349568367004395, 2.8056721687316895, 4.780760288238525, 2.47072172164917, 3.2224507331848145, 3.731022834777832, 2.2505695819854736, 2.1661670207977295, 2.2619776725769043, 3.515742301940918, 2.2389464378356934, 3.1520421504974365, 3.6216955184936523, 2.014756441116333, 2.66025710105896, 2.6719436645507812, 3.9917266368865967, 1.4179699420928955, 1.887157917022705, 1.9465761184692383, 1.5773921012878418, 1.6403007507324219, 1.6523067951202393, 2.618513584136963], "throughput": [8.14666297195037, 11.631380392874389, 11.564074070489431, 0.0, 3.647955218811439, 6.508662263473867, 7.108966234363487, 4.987468615055142, 5.2915098018776625, 5.359556712193721, 14.093688457638693, 7.493403469684629, 11.713348427331775, 11.512077936937585, 4.156330723428081, 6.427640836774046, 3.7090540254335647, 8.99722944152761, 10.034875388724311, 9.854274126590287, 2.9298673665752664, 2.8168362267640656, 6.958039199449402, 4.498613256030865, 7.479495014644388, 8.665997181620044, 10.585357184694239, 10.491668433038392, 6.931304660733179, 10.057215751086366, 8.065025079996644, 13.290731723015947, 13.2873381562046, 4.893095536482214, 2.8513666311971217, 5.020122020977299, 3.237920292642313, 4.965165125794451, 6.432552429400799, 3.554655703176404, 3.6931593562226137, 3.536728101690849, 6.826438896488643, 3.5731091484856172, 5.076074251568931, 6.626730457446671, 3.970703275462603, 3.0072281347601577, 2.9940751020081837, 6.012435766072182, 5.6418685350919064, 8.478357775825444, 12.329340616216582, 5.071662266768358, 4.877154385516111, 4.8417158506074145, 9.165505249005676], "errors": [0, 0, 0, 0, 0, 0, 0, 0, 0, 0, 0, 0, 0, 0, 0, 0, 0, 0, 0, 0, 0, 0, 0, 0, 0, 0, 0, 0, 0, 0, 0, 0, 0, 0, 0, 0, 0, 0, 0, 0, 0, 0, 0, 0, 0, 0, 0, 0, 0, 0, 0, 0, 0, 0, 0, 0, 0], "resource_usage": [{"cpu_percent": 0.0, "memory_percent": 3.444451466771594, "memory_used_gb": 0.12889862060546875}, {"cpu_percent": 0.0, "memory_percent": 3.4677950413762306, "memory_used_gb": 0.12977218627929688}, {"cpu_percent": 0.0, "memory_percent": 3.4677950413762306, "memory_used_gb": 0.12977218627929688}, {"cpu_percent": 0.0, "memory_percent": 3.4677950413762306, "memory_used_gb": 0.12977218627929688}, {"cpu_percent": 0.0, "memory_percent": 3.4741151358106745, "memory_used_gb": 0.13000869750976562}, {"cpu_percent": 0.0, "memory_percent": 3.475848064929796, "memory_used_gb": 0.13007354736328125}, {"cpu_percent": 0.0, "memory_percent": 3.5036768678427475, "memory_used_gb": 0.13111495971679688}, {"cpu_percent": 0.0, "memory_percent": 3.5087737181931056, "memory_used_gb": 0.13130569458007812}, {"cpu_percent": 0.0, "memory_percent": 3.6108126622072625, "memory_used_gb": 0.13512420654296875}, {"cpu_percent": 0.0, "memory_percent": 3.6108126622072625, "memory_used_gb": 0.13512420654296875}, {"cpu_percent": 0.0, "memory_percent": 3.6108126622072625, "memory_used_gb": 0.13512420654296875}, {"cpu_percent": 0.0, "memory_percent": 3.474522883838703, "memory_used_gb": 0.13002395629882812}, {"cpu_percent": 0.0, "memory_percent": 3.474522883838703, "memory_used_gb": 0.13002395629882812}, {"cpu_percent": 0.0, "memory_percent": 3.474522883838703, "memory_used_gb": 0.13002395629882812}, {"cpu_percent": 0.0, "memory_percent": 3.474522883838703, "memory_used_gb": 0.13002395629882812}, {"cpu_percent": 0.0, "memory_percent": 3.474522883838703, "memory_used_gb": 0.13002395629882812}, {"cpu_percent": 0.0, "memory_percent": 3.474522883838703, "memory_used_gb": 0.13002395629882812}, {"cpu_percent": 0.0, "memory_percent": 3.4751345058807463, "memory_used_gb": 0.13004684448242188}, {"cpu_percent": 0.0, "memory_percent": 3.4751345058807463, "memory_used_gb": 0.13004684448242188}, {"cpu_percent": 0.0, "memory_percent": 3.4751345058807463, "memory_used_gb": 0.13004684448242188}, {"cpu_percent": 0.0, "memory_percent": 3.4751345058807463, "memory_used_gb": 0.13004684448242188}, {"cpu_percent": 0.0, "memory_percent": 3.4751345058807463, "memory_used_gb": 0.13004684448242188}, {"cpu_percent": 0.0, "memory_percent": 3.4751345058807463, "memory_used_gb": 0.13004684448242188}, {"cpu_percent": 0.0, "memory_percent": 3.4751345058807463, "memory_used_gb": 0.13004684448242188}, {"cpu_percent": 0.0, "memory_percent": 3.471566710635496, "memory_used_gb": 0.129913330078125}, {"cpu_percent": 0.0, "memory_percent": 3.471566710635496, "memory_used_gb": 0.129913330078125}, {"cpu_percent": 0.0, "memory_percent": 3.471566710635496, "memory_used_gb": 0.129913330078125}, {"cpu_percent": 0.0, "memory_percent": 3.471566710635496, "memory_used_gb": 0.129913330078125}, {"cpu_percent": 0.0, "memory_percent": 3.471566710635496, "memory_used_gb": 0.129913330078125}, {"cpu_percent": 0.0, "memory_percent": 3.471566710635496, "memory_used_gb": 0.129913330078125}, {"cpu_percent": 0.0, "memory_percent": 3.4693240964813383, "memory_used_gb": 0.12982940673828125}, {"cpu_percent": 0.0, "memory_percent": 3.4693240964813383, "memory_used_gb": 0.12982940673828125}, {"cpu_percent": 0.0, "memory_percent": 3.4693240964813383, "memory_used_gb": 0.12982940673828125}, {"cpu_percent": 0.0, "memory_percent": 3.4693240964813383, "memory_used_gb": 0.12982940673828125}, {"cpu_percent": 0.0, "memory_percent": 3.4693240964813383, "memory_used_gb": 0.12982940673828125}, {"cpu_percent": 0.0, "memory_percent": 3.4693240964813383, "memory_used_gb": 0.12982940673828125}, {"cpu_percent": 0.0, "memory_percent": 3.4693240964813383, "memory_used_gb": 0.12982940673828125}, {"cpu_percent": 0.0, "memory_percent": 3.4693240964813383, "memory_used_gb": 0.12982940673828125}, {"cpu_percent": 0.0, "memory_percent": 3.4693240964813383, "memory_used_gb": 0.12982940673828125}, {"cpu_percent": 0.0, "memory_percent": 3.4693240964813383, "memory_used_gb": 0.12982940673828125}, {"cpu_percent": 0.0, "memory_percent": 3.4693240964813383, "memory_used_gb": 0.12982940673828125}, {"cpu_percent": 0.0, "memory_percent": 3.4693240964813383, "memory_used_gb": 0.12982940673828125}, {"cpu_percent": 0.0, "memory_percent": 3.4693240964813383, "memory_used_gb": 0.12982940673828125}, {"cpu_percent": 0.0, "memory_percent": 3.4693240964813383, "memory_used_gb": 0.12982940673828125}, {"cpu_percent": 0.0, "memory_percent": 3.4693240964813383, "memory_used_gb": 0.12982940673828125}, {"cpu_percent": 0.0, "memory_percent": 3.4693240964813383, "memory_used_gb": 0.12982940673828125}, {"cpu_percent": 0.0, "memory_percent": 3.4693240964813383, "memory_used_gb": 0.12982940673828125}, {"cpu_percent": 0.0, "memory_percent": 3.4693240964813383, "memory_used_gb": 0.12982940673828125}, {"cpu_percent": 0.0, "memory_percent": 3.4693240964813383, "memory_used_gb": 0.12982940673828125}, {"cpu_percent": 0.0, "memory_percent": 3.4693240964813383, "memory_used_gb": 0.12982940673828125}, {"cpu_percent": 0.0, "memory_percent": 3.4693240964813383, "memory_used_gb": 0.12982940673828125}, {"cpu_percent": 0.0, "memory_percent": 3.4693240964813383, "memory_used_gb": 0.12982940673828125}, {"cpu_percent": 0.0, "memory_percent": 3.4693240964813383, "memory_used_gb": 0.12982940673828125}, {"cpu_percent": 0.0, "memory_percent": 3.4693240964813383, "memory_used_gb": 0.12982940673828125}, {"cpu_percent": 0.0, "memory_percent": 3.4693240964813383, "memory_used_gb": 0.12982940673828125}, {"cpu_percent": 0.0, "memory_percent": 3.4693240964813383, "memory_used_gb": 0.12982940673828125}, {"cpu_percent": 0.0,